fishNum,dateSample,dateTimeSample,dateProcessed,species,spCode,totalLength,forkLength,weight,girth,dorsoLatHeight,clipTag,sex,mat,airbladderTotalLength,airBladderWidth,airbladderWeight,airBladderWeightCond,agingStructure,tissueSample,Region_name,FishTrack,MaxTSdiff,Ping_time,deltaRange,deltaMinAng,deltaMajAng,aspectAngle,Target_range,Angle_minor_axis,Angle_major_axis,Distance_minor_axis,Distance_major_axis,StandDev_Angles_Minor_Axis,StandDev_Angles_Major_Axis,Target_true_depth,pingNumber,Ping_S,Ping_E,Num_targets,TS_mean,Target_range_mean,Speed_4D_mean_unsmoothed,Fish_track_change_in_range,Time_in_beam,Distance_3D_unsmoothed,Thickness_mean,Exclude_below_line_range_mean,Target_depth_mean,Target_depth_max,Target_depth_min,Fish_track_change_in_depth,Region_bottom_altitude_min,Region_bottom_altitude_max,Region_bottom_altitude_mean,Region_top_altitude_min,Region_top_altitude_max,Region_top_altitude_mean,F45,F45.5,F46,F46.5,F47,F47.5,F48,F48.5,F49,F49.5,F50,F50.5,F51,F51.5,F52,F52.5,F53,F53.5,F54,F54.5,F55,F55.5,F56,F56.5,F57,F57.5,F58,F58.5,F59,F59.5,F60,F60.5,F61,F61.5,F62,F62.5,F63,F63.5,F64,F64.5,F65,F65.5,F66,F66.5,F67,F67.5,F68,F68.5,F69,F69.5,F70,F70.5,F71,F71.5,F72,F72.5,F73,F73.5,F74,F74.5,F75,F75.5,F76,F76.5,F77,F77.5,F78,F78.5,F79,F79.5,F80,F80.5,F81,F81.5,F82,F82.5,F83,F83.5,F84,F84.5,F85,F85.5,F86,F86.5,F87,F87.5,F88,F88.5,F89,F89.5,F90,F90.5,F91,F91.5,F92,F92.5,F93,F93.5,F94,F94.5,F95,F95.5,F96,F96.5,F97,F97.5,F98,F98.5,F99,F99.5,F100,F100.5,F101,F101.5,F102,F102.5,F103,F103.5,F104,F104.5,F105,F105.5,F106,F106.5,F107,F107.5,F108,F108.5,F109,F109.5,F110,F110.5,F111,F111.5,F112,F112.5,F113,F113.5,F114,F114.5,F115,F115.5,F116,F116.5,F117,F117.5,F118,F118.5,F119,F119.5,F120,F120.5,F121,F121.5,F122,F122.5,F123,F123.5,F124,F124.5,F125,F125.5,F126,F126.5,F127,F127.5,F128,F128.5,F129,F129.5,F130,F130.5,F131,F131.5,F132,F132.5,F133,F133.5,F134,F134.5,F135,F135.5,F136,F136.5,F137,F137.5,F138,F138.5,F139,F139.5,F140,F140.5,F141,F141.5,F142,F142.5,F143,F143.5,F144,F144.5,F145,F145.5,F146,F146.5,F147,F147.5,F148,F148.5,F149,F149.5,F150,F150.5,F151,F151.5,F152,F152.5,F153,F153.5,F154,F154.5,F155,F155.5,F156,F156.5,F157,F157.5,F158,F158.5,F159,F159.5,F160,F160.5,F161,F161.5,F162,F162.5,F163,F163.5,F164,F164.5,F165,F165.5,F166,F166.5,F167,F167.5,F168,F168.5,F169,F169.5,F170,F173,F173.5,F174,F174.5,F175,F175.5,F176,F176.5,F177,F177.5,F178,F178.5,F179,F179.5,F180,F180.5,F181,F181.5,F182,F182.5,F183,F183.5,F184,F184.5,F185,F185.5,F186,F186.5,F187,F187.5,F188,F188.5,F189,F189.5,F190,F190.5,F191,F191.5,F192,F192.5,F193,F193.5,F194,F194.5,F195,F195.5,F196,F196.5,F197,F197.5,F198,F198.5,F199,F199.5,F200,F200.5,F201,F201.5,F202,F202.5,F203,F203.5,F204,F204.5,F205,F205.5,F206,F206.5,F207,F207.5,F208,F208.5,F209,F209.5,F210,F210.5,F211,F211.5,F212,F212.5,F213,F213.5,F214,F214.5,F215,F215.5,F216,F216.5,F217,F217.5,F218,F218.5,F219,F219.5,F220,F220.5,F221,F221.5,F222,F222.5,F223,F223.5,F224,F224.5,F225,F225.5,F226,F226.5,F227,F227.5,F228,F228.5,F229,F229.5,F230,F230.5,F231,F231.5,F232,F232.5,F233,F233.5,F234,F234.5,F235,F235.5,F236,F236.5,F237,F237.5,F238,F238.5,F239,F239.5,F240,F240.5,F241,F241.5,F242,F242.5,F243,F243.5,F244,F244.5,F245,F245.5,F246,F246.5,F247,F247.5,F248,F248.5,F249,F249.5,F250,F250.5,F251,F251.5,F252,F252.5,F253,F253.5,F254,F254.5,F255,F255.5,F256,F256.5,F257,F257.5,F258,F258.5,F259,F259.5,F260
SMB009,2022-07-28,2022-07-28T14:56:00Z,2022-07-28,smallmouthBass,316,250,237,234,168,19,N,1,1,63,30.0,1.0,0,2A,MD,Region_2,Region_2_1358,5.689575000000005, 19:03:10.7120,-0.0117060000000002,-0.69348,0.2452999999999998,-0.9117192087121572,8.545088,-0.92722,-1.6599,-0.138221,-0.247484,0.024578,0.009541,8.540385,1358,1358,1398,31,-49.155153,8.582848,1.3703,0.058528,8.5,11.6476,0.020224,13.0,8.576961,8.628007,8.513,0.056125,4.342882,4.459938,4.393273,4.363106,4.480162,4.413497,-54.22943,-53.136469,-52.160616,-50.874629,-49.892195,-48.844123,-48.076962,-47.42289,-46.819809,-46.307679,-45.792179,-45.44442,-45.160382,-45.057185,-45.026221,-45.024087,-45.06131,-45.127299,-45.233636,-45.443779,-45.712591,-46.052739,-46.449654,-46.8564,-47.287776,-47.729436,-48.128052,-48.513312,-48.779543,-48.898047,-48.860504,-48.630976,-48.35434,-48.100797,-47.892304,-47.771393,-47.635384,-47.488264,-47.297233,-47.027523,-46.683321,-46.267509,-45.764486,-45.277499,-44.833165,-44.363792,-43.95599,-43.54364,-43.230476,-43.023027,-42.944823,-42.92496,-42.883984,-42.805857,-42.707862,-42.620506,-42.555715,-42.468701,-42.350422,-42.145511,-41.888983,-41.664352,-41.526203,-41.55327,-41.682712,-41.903699,-42.137406,-42.413593,-42.680887,-42.969629,-43.206393,-43.383929,-43.445087,-43.427981,-43.34096,-43.27326,-43.219549,-43.238633,-43.31106,-43.358258,-43.412393,-43.405964,-43.406418,-43.557686,-43.836185,-44.257451,-45.066921,-46.373842,-48.086541,-49.825403,,,,,,,,,,,,,,,,,,,,,,,,,,,,,,,,,,,,,,,,,,,,,,,,,,,,,,,,,,,,,,,,,,,,,,,,,,,,,,,,,,,,,,,,,,,,,,,,,,,,,,,,,,,,,,,,,,,,,,,,,,,,,,,,,,,,,,,,,,,,,,,,,,,,,,,,,,,,,,,,,,-61.56954,-59.832583,-58.967701,-58.568195,-58.546485,-59.381436,-60.955549,-63.15684,-67.140121,-77.060665,-73.738016,-64.86757,-60.050315,-56.532212,-54.048328,-52.567731,-52.073589,-52.236267,-52.580312,-52.727625,-52.408348,-51.857263,-51.401608,-51.286898,-51.598834,-52.242555,-53.002168,-53.547977,-53.659715,-53.28915,-52.973653,-53.204657,-54.325704,-56.414484,-58.778725,-59.308585,-56.800699,-53.923762,-51.841887,-50.681916,-50.235123,-50.497975,-51.044964,-51.785418,-52.834499,-54.370545,-56.895764,-60.649819,-65.985573,-73.019281,-75.797816,-71.749088,-67.564227,-63.331699,-59.286381,-55.962984,-53.538999,-52.096192,-51.111745,-50.124894,-49.136261,-48.091767,-47.251377,-47.023862,-47.171904,-47.716762,-48.30314,-48.347737,-48.226132,-48.327378,-48.600293,-49.116573,-49.789612,-50.347404,-50.458037,-50.03355,-49.363106,-48.987257,-49.034084,-49.399171,-50.064135,-51.032029,-51.747274,-51.894307,-52.104472,-52.577633,-54.025649,-57.001473,-60.76579,-64.597636,-67.669873,-68.560624,-63.434202,-57.932223,-54.206546,-52.468356,-51.986199,-52.621503,-53.431594,-53.53495,-53.195523,-52.304045,-51.474226,-50.978193,-50.792759,-51.761319,-52.528739,-53.487885,-54.080378,-54.074342,-54.405097,-54.718813,-55.265836,-56.009592,-55.786772,-54.889366,-53.840823,-53.558672,-54.120713,-55.135091,-55.682715,-54.529519,-52.884747,-51.321921,-50.337907,-50.483574,-51.46198,-54.020687,-58.449485,-61.559547,-54.951537,-50.081646,-47.339759,-46.348957,-47.122976,-50.534809,-58.758554,-54.503289,-48.374038,-45.688665,-44.792661,-45.230183,-47.016508,-50.624092,-57.905662,-74.118225,-58.667145,-55.897187,-54.833158,-53.239988,-51.578184,-50.77542,-50.895634,-52.152047,-52.953521,-51.575032,-49.780686,-48.977622,-49.149796,-49.311434,-47.798672,-45.548803,-43.772857,-43.34059,-43.90547,-45.616901,-47.16901,-45.997849,-43.490686,-41.771283,-41.325843,-43.189148,-48.808813,-60.291724,-45.693287
SMB009,2022-07-28,2022-07-28T14:56:00Z,2022-07-28,smallmouthBass,316,250,237,234,168,19,N,1,1,63,30.0,1.0,0,2A,MD,Region_2,Region_2_1366,4.920403, 19:03:12.3110,-0.0117049999999991,-0.4825399999999999,0.5452000000000001,-0.9210489176458114,8.568499,0.14736,-1.8161,0.022027,-0.271543,0.029149,0.025736,8.564167,1366,1358,1398,31,-49.155153,8.582848,1.3703,0.058528,8.5,11.6476,0.020224,13.0,8.576961,8.628007,8.513,0.056125,4.342882,4.459938,4.393273,4.363106,4.480162,4.413497,-56.567623,-56.23976,-55.372179,-53.626633,-51.957731,-50.262356,-48.974069,-47.930932,-47.062358,-46.406057,-45.870276,-45.617333,-45.511124,-45.62634,-45.818732,-46.024894,-46.252732,-46.491124,-46.750384,-47.085268,-47.437174,-47.808465,-48.180987,-48.515476,-48.844185,-49.180702,-49.506128,-49.874526,-50.176038,-50.340885,-50.325352,-50.09985,-49.843013,-49.652057,-49.553008,-49.58088,-49.618991,-49.659966,-49.673501,-49.639566,-49.561337,-49.385792,-49.032634,-48.606408,-48.168876,-47.670575,-47.194885,-46.66173,-46.164197,-45.721052,-45.399528,-45.177691,-44.993985,-44.815391,-44.63161,-44.459129,-44.314229,-44.170366,-44.041623,-43.87801,-43.687166,-43.496451,-43.303736,-43.165673,-43.034551,-42.931036,-42.803167,-42.694041,-42.5605,-42.449216,-42.31721,-42.195123,-42.04946,-41.908712,-41.750037,-41.627259,-41.509121,-41.445318,-41.42558,-41.400567,-41.438713,-41.485033,-41.593855,-41.895533,-42.369164,-43.039855,-44.111391,-45.520655,-46.958319,-48.051863,,,,,,,,,,,,,,,,,,,,,,,,,,,,,,,,,,,,,,,,,,,,,,,,,,,,,,,,,,,,,,,,,,,,,,,,,,,,,,,,,,,,,,,,,,,,,,,,,,,,,,,,,,,,,,,,,,,,,,,,,,,,,,,,,,,,,,,,,,,,,,,,,,,,,,,,,,,,,,,,,,-64.354162,-64.452547,-64.232608,-64.130411,-64.29921,-65.021708,-66.07964,-67.199396,-68.192434,-67.137285,-64.226414,-61.730756,-60.000528,-59.017224,-58.494417,-58.104265,-57.997002,-58.275358,-58.805312,-59.225778,-59.006586,-58.228572,-57.230366,-56.363753,-55.858979,-55.81517,-56.234497,-56.96725,-57.793651,-58.173204,-57.882714,-57.077543,-56.379874,-56.281999,-56.632074,-57.253734,-57.753764,-58.02253,-58.137066,-58.29028,-58.442524,-58.677763,-58.592255,-58.12839,-57.501714,-56.855412,-56.469105,-56.142211,-55.733745,-55.292716,-54.88742,-54.656735,-54.666546,-54.78659,-55.05354,-55.476611,-55.904354,-56.528494,-57.15583,-57.594049,-57.879317,-57.822529,-57.520801,-57.305678,-57.038826,-56.957738,-56.982796,-56.656789,-56.286292,-56.147806,-56.111235,-56.244512,-56.549889,-56.959937,-57.363074,-57.643574,-57.724437,-57.712151,-57.480387,-56.882766,-56.071031,-55.402905,-54.72217,-53.865006,-53.28034,-52.723538,-52.400928,-52.519808,-52.61339,-53.196204,-53.932702,-54.72919,-55.959271,-57.309812,-59.121109,-61.46251,-63.900507,-66.880446,-68.232346,-65.969409,-63.055716,-60.347868,-58.185435,-56.406759,-54.652321,-53.866118,-53.265325,-53.716785,-54.502989,-54.955117,-55.577971,-55.536657,-54.859134,-54.03192,-52.962871,-52.296833,-51.847345,-51.929511,-52.236171,-52.201982,-51.783959,-50.953145,-50.597849,-50.647028,-51.513901,-54.104086,-59.003104,-62.453281,-56.215691,-52.17249,-49.520197,-47.522525,-46.234281,-45.830443,-46.324589,-47.872657,-49.731285,-49.863718,-48.495062,-47.271352,-46.991458,-47.850532,-50.013434,-53.801077,-59.227253,-60.906747,-57.502332,-54.511398,-52.087496,-50.250533,-49.521343,-50.182158,-51.633732,-52.172718,-49.893227,-47.339681,-45.648826,-44.705272,-44.329419,-44.426898,-44.41843,-43.92108,-42.608619,-41.481115,-40.648985,-40.712735,-41.649622,-43.275246,-45.036473,-45.031812,-43.265423,-42.295111,-42.312212,-43.710801,-45.520354
SMB009,2022-07-28,2022-07-28T14:56:00Z,2022-07-28,smallmouthBass,316,250,237,234,168,19,N,1,1,63,30.0,1.0,0,2A,MD,Region_2,Region_2_1367,2.613115999999998, 19:03:12.5110,0.0,-0.59677,0.2392999999999998,0.0,8.556794,-0.33518,-1.2709,-0.050044,-0.189784,0.007275,0.019414,8.554542,1367,1358,1398,31,-49.155153,8.582848,1.3703,0.058528,8.5,11.6476,0.020224,13.0,8.576961,8.628007,8.513,0.056125,4.342882,4.459938,4.393273,4.363106,4.480162,4.413497,-54.096944,-53.919662,-53.749925,-53.129059,-52.563879,-51.67755,-50.846491,-49.977723,-49.103389,-48.339447,-47.666279,-47.294814,-47.113505,-47.202165,-47.421909,-47.710987,-48.104358,-48.62424,-49.319637,-50.293658,-51.518101,-53.036186,-54.890628,-57.156475,-60.087025,-64.077018,-69.731267,-75.940097,-73.880221,-70.657944,-68.67533,-67.785743,-68.579178,-72.623514,-88.137567,-69.618744,-63.390533,-59.845393,-57.455379,-55.554724,-53.795306,-52.100313,-50.534738,-49.244617,-48.218859,-47.312831,-46.548153,-45.802106,-45.136287,-44.557358,-44.136616,-43.877046,-43.734668,-43.663074,-43.625375,-43.620821,-43.659351,-43.725236,-43.851756,-43.988667,-44.121076,-44.223788,-44.251942,-44.266809,-44.253852,-44.258617,-44.224132,-44.159073,-43.991412,-43.754115,-43.406986,-43.000457,-42.526357,-42.03243,-41.505992,-41.007481,-40.498924,-40.045676,-39.656559,-39.32251,-39.155715,-39.098437,-39.171608,-39.440332,-39.794584,-40.124436,-40.567711,-41.082791,-41.601713,-42.042619,,,,,,,,,,,,,,,,,,,,,,,,,,,,,,,,,,,,,,,,,,,,,,,,,,,,,,,,,,,,,,,,,,,,,,,,,,,,,,,,,,,,,,,,,,,,,,,,,,,,,,,,,,,,,,,,,,,,,,,,,,,,,,,,,,,,,,,,,,,,,,,,,,,,,,,,,,,,,,,,,,-73.98833,-74.750933,-73.961061,-73.975887,-77.174497,-93.100629,-75.807847,-69.576914,-66.288471,-63.811597,-61.256461,-59.241562,-58.062,-58.047601,-59.096131,-60.526672,-61.838441,-62.678753,-62.701435,-61.75939,-60.229177,-58.716359,-57.28232,-55.851086,-54.422014,-53.151465,-52.202421,-51.61533,-51.448573,-51.424014,-51.500408,-51.407029,-51.17199,-51.084491,-51.136464,-51.508613,-51.987258,-52.38944,-52.643011,-52.835182,-52.93973,-53.344335,-54.037824,-55.119672,-56.61617,-58.273551,-60.434218,-62.958771,-64.162175,-63.225216,-62.269812,-62.086867,-62.421448,-62.453748,-61.437226,-59.452002,-57.267159,-55.804618,-55.027615,-54.595864,-54.357097,-53.991719,-53.498814,-53.321835,-53.436953,-53.96141,-54.749491,-55.085414,-55.145935,-55.102615,-54.761633,-54.362955,-54.12459,-54.091817,-54.177532,-54.285416,-54.307665,-54.225448,-53.727886,-52.791229,-51.780061,-51.116826,-50.726512,-50.271455,-50.063902,-49.677583,-49.366476,-49.722879,-50.569237,-52.389651,-54.666838,-57.040135,-58.869759,-58.304786,-55.669936,-52.740475,-50.377977,-49.199216,-48.725942,-48.425157,-48.307155,-47.76756,-46.914748,-45.746453,-44.695471,-45.205859,-46.391653,-48.883335,-51.435853,-53.036582,-54.539672,-55.849984,-58.331982,-64.192753,-71.381494,-61.667722,-57.593323,-55.539731,-53.997609,-52.599367,-51.833486,-51.313688,-51.503817,-51.96584,-52.383384,-52.03471,-50.404514,-49.220001,-48.600917,-48.701632,-49.094566,-49.686596,-51.18074,-54.030205,-55.571718,-52.138739,-49.50323,-48.37331,-48.787377,-50.407433,-52.786509,-54.439857,-53.383366,-51.195807,-49.589594,-48.980691,-49.538443,-51.86651,-56.319163,-63.971549,-64.07088,-60.218788,-61.301882,-73.071013,-62.713905,-55.945912,-53.270116,-51.841914,-50.25802,-47.841898,-45.177573,-43.175097,-41.66303,-40.910341,-39.835837,-38.468392,-37.260216,-36.380818,-36.059911,-36.451157,-37.349538,-39.044467,-40.677572,-42.320685,-44.328071
SMB009,2022-07-28,2022-07-28T14:56:00Z,2022-07-28,smallmouthBass,316,250,237,234,168,19,N,1,1,63,30.0,1.0,0,2A,MD,Region_2,Region_2_1368,3.3423549999999977, 19:03:12.7150,0.0,-0.0118,-0.3279999999999998,0.0,8.556794,-0.93195,-1.0316,-0.139153,-0.154029,0.017584,0.009858,8.554275,1368,1358,1398,31,-49.155153,8.582848,1.3703,0.058528,8.5,11.6476,0.020224,13.0,8.576961,8.628007,8.513,0.056125,4.342882,4.459938,4.393273,4.363106,4.480162,4.413497,-54.397416,-53.172636,-52.032415,-50.576474,-49.443353,-48.306557,-47.494188,-46.8189,-46.225716,-45.767646,-45.379869,-45.240376,-45.219984,-45.394872,-45.633513,-45.881986,-46.169352,-46.498352,-46.879929,-47.367944,-47.881763,-48.414967,-48.954401,-49.472753,-50.014796,-50.573551,-51.081152,-51.56131,-51.965345,-52.397792,-52.948122,-53.501054,-53.958411,-54.14015,-53.960222,-53.528437,-52.89947,-52.198306,-51.418176,-50.451943,-49.255739,-47.951203,-46.700818,-45.673645,-44.86295,-44.13608,-43.535693,-42.965263,-42.510328,-42.183613,-42.034589,-42.038945,-42.153423,-42.364029,-42.678384,-43.128368,-43.725664,-44.400065,-45.045881,-45.415638,-45.375985,-45.002405,-44.476103,-44.002893,-43.588486,-43.259555,-42.966243,-42.754616,-42.597019,-42.559259,-42.612489,-42.788619,-43.031492,-43.327094,-43.600042,-43.856926,-44.008048,-44.05563,-43.936625,-43.588383,-43.127427,-42.571995,-42.050284,-41.723473,-41.562497,-41.540281,-41.873922,-42.519901,-43.262473,-43.894974,,,,,,,,,,,,,,,,,,,,,,,,,,,,,,,,,,,,,,,,,,,,,,,,,,,,,,,,,,,,,,,,,,,,,,,,,,,,,,,,,,,,,,,,,,,,,,,,,,,,,,,,,,,,,,,,,,,,,,,,,,,,,,,,,,,,,,,,,,,,,,,,,,,,,,,,,,,,,,,,,,-71.426711,-73.220644,-77.326294,-88.612137,-72.246176,-66.478232,-63.753259,-62.419442,-62.357822,-63.232431,-64.914924,-67.821325,-67.367233,-62.125185,-58.414116,-56.292152,-55.25165,-54.651855,-54.050232,-53.472162,-52.974872,-52.797215,-52.984462,-53.492173,-54.167454,-54.874321,-55.666739,-56.804008,-58.680173,-60.903064,-61.553933,-60.281463,-59.769905,-60.780908,-62.422108,-63.81789,-64.96602,-66.924521,-70.870468,-71.65876,-65.189553,-60.94531,-58.317567,-56.597051,-55.327219,-53.987996,-52.717519,-51.620244,-50.861535,-50.463318,-50.198888,-49.863419,-49.361779,-48.55294,-47.652289,-47.017097,-46.669721,-46.774862,-47.040849,-47.219525,-47.443512,-47.717494,-48.237698,-49.388309,-50.837275,-52.389755,-53.800313,-54.588606,-55.267182,-56.177021,-56.99042,-57.513192,-57.577289,-57.066542,-55.876182,-54.295478,-52.952931,-52.453236,-52.727663,-53.496027,-54.432882,-55.103596,-55.090197,-54.577079,-54.643145,-55.527314,-57.499338,-58.746919,-56.7872,-54.961952,-53.955005,-53.439309,-53.177827,-52.236248,-50.794203,-49.594276,-48.825302,-48.855672,-49.194701,-49.360952,-49.536618,-49.408779,-49.358692,-49.397802,-49.552285,-50.711897,-51.749555,-53.470383,-55.119836,-56.15374,-57.392247,-58.046829,-58.208566,-57.728117,-56.109698,-54.378587,-52.670181,-51.639115,-51.400506,-51.791952,-52.571522,-52.337502,-51.2242,-49.516434,-47.974527,-47.239126,-47.070866,-48.105518,-49.929923,-52.575711,-53.855521,-51.151689,-47.749129,-45.258635,-43.9935,-44.252145,-46.024383,-49.550806,-58.043694,-59.322961,-50.597157,-47.187938,-45.752515,-45.527106,-46.140581,-47.198692,-48.263186,-49.562827,-51.053563,-52.150653,-51.606368,-48.817679,-45.744668,-43.841151,-42.944764,-43.145588,-44.200651,-45.514968,-46.361245,-45.687084,-43.685192,-41.654693,-39.86509,-39.06603,-38.749344,-38.931691,-39.577507,-40.183284,-40.306225,-40.206739,-40.373253,-41.760118,-43.59518,-43.666404,-41.317526
SMB009,2022-07-28,2022-07-28T14:56:00Z,2022-07-28,smallmouthBass,316,250,237,234,168,19,N,1,1,63,30.0,1.0,0,2A,MD,Region_2,Region_2_1369,4.482351999999999, 19:03:12.9250,0.0,0.57834,-0.7517,0.0,8.556794,-0.94375,-1.3596,-0.140898,-0.203007,0.029105,0.022689,8.553225,1369,1358,1398,31,-49.155153,8.582848,1.3703,0.058528,8.5,11.6476,0.020224,13.0,8.576961,8.628007,8.513,0.056125,4.342882,4.459938,4.393273,4.363106,4.480162,4.413497,-58.248057,-57.89452,-57.549996,-56.967266,-56.869845,-56.711265,-56.431066,-55.681874,-54.587444,-53.437214,-52.277781,-51.302221,-50.365573,-49.550579,-48.758212,-47.970757,-47.225734,-46.521604,-45.865268,-45.313005,-44.805276,-44.353573,-43.952929,-43.575915,-43.271341,-43.065615,-42.949061,-42.982817,-43.06992,-43.191651,-43.36891,-43.575145,-43.908848,-44.358012,-44.868626,-45.438463,-45.954074,-46.431413,-46.869006,-47.258394,-47.600679,-47.855306,-47.949631,-47.977852,-48.004497,-48.002685,-48.092402,-48.217962,-48.452509,-48.717688,-48.929057,-48.985334,-48.862939,-48.593342,-48.206243,-47.753089,-47.304439,-46.90765,-46.633997,-46.424402,-46.191279,-45.829309,-45.291523,-44.713107,-44.15356,-43.691718,-43.285577,-42.973235,-42.72378,-42.615501,-42.645866,-42.876947,-43.278919,-43.855368,-44.53928,-45.337887,-46.14898,-46.880763,-47.243354,-46.926709,-46.072982,-44.934157,-43.768279,-42.734463,-41.771148,-40.87465,-40.350478,-40.364489,-40.905428,-41.783525,,,,,,,,,,,,,,,,,,,,,,,,,,,,,,,,,,,,,,,,,,,,,,,,,,,,,,,,,,,,,,,,,,,,,,,,,,,,,,,,,,,,,,,,,,,,,,,,,,,,,,,,,,,,,,,,,,,,,,,,,,,,,,,,,,,,,,,,,,,,,,,,,,,,,,,,,,,,,,,,,,-58.816553,-59.035219,-58.425754,-57.162706,-55.685391,-54.608749,-53.755545,-52.734512,-51.892094,-51.184278,-50.59195,-50.455245,-50.582784,-51.150513,-52.244171,-53.834239,-56.216648,-59.824341,-66.077598,-87.869961,-68.825093,-64.582023,-63.661709,-64.829931,-68.446739,-78.414815,-75.028894,-66.989087,-63.314786,-61.014458,-59.270945,-57.466903,-55.551266,-53.930872,-52.712061,-52.081818,-51.921006,-52.198422,-52.953552,-54.24024,-55.740064,-56.941028,-56.782646,-55.613089,-54.371429,-53.334147,-52.733841,-52.421475,-52.318949,-52.391886,-52.50991,-52.663067,-52.940911,-53.3236,-54.031067,-55.241384,-56.771217,-58.721437,-60.987867,-63.66126,-67.276494,-72.378784,-78.072613,-75.579222,-71.081844,-67.684296,-65.391198,-63.370659,-61.370072,-59.478642,-57.783521,-56.580723,-55.961471,-55.852502,-56.064006,-56.380471,-56.715058,-57.312581,-58.113353,-58.818849,-59.03342,-58.591209,-57.471049,-55.770872,-54.088429,-52.323644,-50.919288,-50.334628,-50.135266,-50.591295,-51.092972,-51.309184,-51.353299,-50.82486,-50.223476,-50.006204,-49.865432,-50.074364,-50.1844,-49.740451,-49.028174,-47.777272,-46.453845,-45.265762,-44.365331,-44.786224,-45.338931,-46.393926,-46.944041,-46.514084,-46.144184,-45.499098,-45.066162,-45.190158,-45.400444,-45.970509,-46.203394,-46.277835,-46.412183,-46.932378,-48.245028,-49.817461,-51.813536,-52.943649,-52.084833,-50.380486,-48.787358,-48.207608,-48.030763,-48.044018,-47.903197,-47.79986,-48.37014,-49.909202,-52.337978,-54.190477,-53.578287,-52.156942,-51.585276,-51.996049,-53.47084,-56.276409,-60.964203,-67.298298,-67.559678,-66.857785,-67.207171,-61.822844,-56.778623,-53.239163,-51.013087,-49.904939,-49.562479,-50.291652,-51.7881,-54.015153,-56.396256,-56.952097,-54.547104,-51.25978,-48.171724,-45.744476,-43.799364,-42.835644,-42.345424,-42.465892,-43.227292,-44.608787,-46.824526,-49.994343,-52.161045,-50.738715,-48.439797,-47.282095,-47.019504
SMB009,2022-07-28,2022-07-28T14:56:00Z,2022-07-28,smallmouthBass,316,250,237,234,168,19,N,1,1,63,30.0,1.0,0,2A,MD,Region_2,Region_2_1375,0.9225360000000008, 19:03:14.1180,-0.0117060000000002,-0.9669,0.0402499999999999,-0.6930306574020733,8.580205,0.60388,-0.31531,0.09043,-0.047215,0.00209,0.031329,8.579598,1375,1358,1398,31,-49.155153,8.582848,1.3703,0.058528,8.5,11.6476,0.020224,13.0,8.576961,8.628007,8.513,0.056125,4.342882,4.459938,4.393273,4.363106,4.480162,4.413497,-51.526733,-50.567824,-49.845793,-49.089196,-48.857497,-48.670906,-48.715553,-48.749803,-48.724553,-48.716225,-48.715071,-48.964082,-49.395058,-50.134155,-51.094787,-52.261082,-53.732019,-55.610546,-58.068799,-61.437601,-66.066181,-71.213789,-69.566751,-65.726065,-63.218833,-61.623957,-60.41148,-59.13603,-57.478015,-55.681451,-54.057302,-52.584496,-51.25922,-50.056098,-49.004192,-48.209071,-47.627096,-47.279662,-47.147423,-47.208955,-47.50388,-48.049905,-48.69736,-49.346784,-49.920519,-50.334565,-50.696305,-50.90712,-50.959516,-50.754831,-50.361519,-49.948247,-49.66336,-49.55043,-49.570493,-49.680193,-49.832685,-49.961117,-50.056645,-50.019073,-49.770701,-49.217695,-48.31544,-47.226001,-46.061497,-44.962341,-43.932906,-43.017646,-42.176261,-41.471558,-40.889373,-40.497896,-40.287412,-40.283953,-40.444446,-40.809542,-41.33156,-42.101708,-43.158682,-44.515542,-46.257403,-48.159978,-49.820763,-50.595063,-50.01463,-48.459525,-46.876004,-45.824285,-45.536762,-45.940989,,,,,,,,,,,,,,,,,,,,,,,,,,,,,,,,,,,,,,,,,,,,,,,,,,,,,,,,,,,,,,,,,,,,,,,,,,,,,,,,,,,,,,,,,,,,,,,,,,,,,,,,,,,,,,,,,,,,,,,,,,,,,,,,,,,,,,,,,,,,,,,,,,,,,,,,,,,,,,,,,,-55.29638,-55.36935,-55.722991,-56.244672,-56.617415,-56.684584,-56.277443,-55.35772,-54.644946,-54.284688,-54.085944,-53.920413,-53.075023,-51.97786,-51.244345,-50.910486,-51.009089,-51.064267,-50.821661,-50.796708,-51.408595,-53.043929,-55.738161,-59.422827,-63.851401,-66.161734,-61.859584,-57.540312,-54.769803,-53.046372,-52.26339,-51.912915,-51.590733,-51.394339,-51.530231,-52.553135,-54.541979,-57.452752,-60.493644,-61.601368,-61.414526,-62.133141,-63.619591,-65.118634,-65.855074,-64.353388,-61.426446,-58.85398,-57.276566,-56.691793,-56.766911,-56.947929,-56.598965,-55.550131,-54.588134,-54.350411,-54.395497,-54.352745,-53.978613,-53.185006,-52.009483,-50.405056,-48.658241,-47.411995,-46.635062,-46.314889,-46.363856,-46.041012,-45.698041,-45.801078,-46.299158,-47.411478,-49.271999,-51.841229,-54.869873,-58.518543,-64.932421,-69.051689,-60.78622,-57.64505,-57.075711,-58.509715,-61.750792,-66.724224,-73.044793,-70.605357,-62.829221,-56.993249,-53.086547,-51.014691,-49.900066,-49.367289,-49.204949,-48.592774,-47.732877,-47.012801,-46.528373,-46.654797,-47.040579,-47.368545,-47.666324,-47.404293,-46.750263,-45.686445,-44.739151,-45.257465,-46.219366,-48.290923,-50.018793,-50.049501,-49.127785,-47.083887,-45.164827,-43.999111,-43.292541,-43.636088,-44.228968,-44.85384,-44.964688,-44.555469,-44.528653,-44.739403,-45.856636,-47.666533,-50.494471,-53.992561,-52.485876,-47.65471,-43.633552,-41.176966,-40.036638,-40.1312,-42.046466,-46.783592,-55.170172,-46.22675,-42.310857,-40.806731,-40.756952,-41.357192,-42.041007,-42.799193,-44.197633,-47.001632,-50.32584,-47.511878,-43.842307,-42.679417,-43.555628,-46.290813,-53.408869,-52.40338,-45.23319,-42.770679,-42.808901,-45.531919,-52.518002,-57.418644,-48.728497,-45.674903,-44.752267,-44.990667,-45.238516,-46.640357,-49.821658,-55.668349,-52.291549,-47.056082,-44.807223,-45.064008,-47.639002,-50.941623,-48.086963,-45.34182,-44.356942
SMB009,2022-07-28,2022-07-28T14:56:00Z,2022-07-28,smallmouthBass,316,250,237,234,168,19,N,1,1,63,30.0,1.0,0,2A,MD,Region_2,Region_2_1376,0.3924669999999963, 19:03:14.3100,0.0,-0.4376,-0.67117,0.0,8.568499,-0.36302,-0.27506,-0.054288,-0.041134,0.029044,0.011368,8.568228,1376,1358,1398,31,-49.155153,8.582848,1.3703,0.058528,8.5,11.6476,0.020224,13.0,8.576961,8.628007,8.513,0.056125,4.342882,4.459938,4.393273,4.363106,4.480162,4.413497,-54.01535,-53.613689,-53.447413,-53.195657,-53.51702,-54.035895,-54.854087,-55.442928,-55.435056,-54.787455,-53.598626,-52.288504,-50.939673,-49.780513,-48.764889,-47.853667,-47.076444,-46.426227,-45.916329,-45.621476,-45.466032,-45.437148,-45.487218,-45.549454,-45.664748,-45.868306,-46.174251,-46.659416,-47.197286,-47.689285,-48.094569,-48.394741,-48.7527,-49.223169,-49.785014,-50.445488,-51.086285,-51.714163,-52.371369,-53.15886,-54.235667,-55.624728,-57.016777,-58.126352,-58.859726,-59.276754,-59.642392,-59.923847,-60.00384,-59.496318,-58.313547,-56.75939,-55.118781,-53.483384,-51.865092,-50.315857,-48.908134,-47.684691,-46.717456,-45.960014,-45.379409,-44.907651,-44.469664,-44.138494,-43.922689,-43.880148,-43.956907,-44.149212,-44.36777,-44.616352,-44.809343,-44.942764,-44.955106,-44.854652,-44.609639,-44.280838,-43.833602,-43.369119,-42.937324,-42.575429,-42.422433,-42.390707,-42.438093,-42.529965,-42.446244,-42.013367,-41.535252,-41.241044,-41.252728,-41.502534,,,,,,,,,,,,,,,,,,,,,,,,,,,,,,,,,,,,,,,,,,,,,,,,,,,,,,,,,,,,,,,,,,,,,,,,,,,,,,,,,,,,,,,,,,,,,,,,,,,,,,,,,,,,,,,,,,,,,,,,,,,,,,,,,,,,,,,,,,,,,,,,,,,,,,,,,,,,,,,,,,-59.288736,-59.011144,-58.888406,-58.850814,-58.758793,-58.699605,-58.601319,-58.338842,-58.582525,-59.468521,-60.698757,-61.921458,-62.359124,-62.367294,-62.199727,-61.767872,-60.928248,-59.249973,-57.427008,-56.287263,-55.738748,-55.60316,-55.597846,-55.651019,-55.694948,-55.694235,-55.682693,-55.744721,-56.054073,-56.282991,-56.347662,-55.914676,-55.219732,-54.933169,-55.252945,-56.454073,-58.264983,-60.390602,-62.885177,-66.271948,-68.089224,-64.291304,-60.751998,-58.677367,-57.709317,-57.084749,-56.491113,-55.654464,-54.842289,-54.331785,-54.133811,-54.203137,-54.534408,-54.884658,-55.05121,-55.026345,-54.691156,-54.302762,-53.838278,-53.303858,-52.833853,-52.232976,-51.445172,-50.921367,-50.660432,-50.731276,-51.139979,-51.120566,-50.864094,-50.675372,-50.4564,-50.438643,-50.717472,-51.183492,-51.559417,-51.605846,-51.330483,-51.14835,-51.047205,-50.994326,-51.000786,-50.977962,-50.641124,-49.699669,-48.986523,-48.593307,-48.872995,-49.937204,-50.773221,-51.16331,-50.546412,-49.310002,-48.081099,-46.830212,-46.267284,-46.472642,-46.698915,-46.88071,-46.95582,-47.060572,-47.552677,-48.21282,-49.304055,-50.20155,-50.237417,-50.430963,-50.666666,-52.552125,-55.40694,-58.299836,-59.879855,-57.860802,-56.026931,-55.971636,-56.941451,-56.911363,-54.321513,-52.556257,-52.525746,-53.709896,-54.358288,-52.323735,-50.245115,-48.930731,-48.8291,-50.66483,-54.90388,-55.480752,-49.614694,-46.573856,-45.444735,-45.412136,-46.071187,-46.200835,-45.561823,-45.189892,-45.618099,-46.955651,-49.857842,-52.876493,-50.952599,-47.768209,-45.843305,-45.084633,-45.324842,-46.218406,-46.450355,-45.173963,-43.410129,-41.821804,-41.18101,-41.473967,-42.829996,-45.87037,-49.5363,-51.513625,-52.028387,-52.584809,-50.305539,-45.924774,-42.646087,-41.179932,-40.957744,-42.38826,-44.00792,-44.916649,-45.618193,-46.51184,-46.947888,-45.416096,-43.042824,-42.208529,-42.934055,-44.835506,-45.727054
SMB009,2022-07-28,2022-07-28T14:56:00Z,2022-07-28,smallmouthBass,316,250,237,234,168,19,N,1,1,63,30.0,1.0,0,2A,MD,Region_2,Region_2_1377,2.63975, 19:03:14.5240,0.0117060000000002,0.5647800000000001,-0.7804699999999999,0.6961616324907896,8.568499,-0.80062,-0.94623,-0.119711,-0.141488,0.028546,0.011913,8.566495,1377,1358,1398,31,-49.155153,8.582848,1.3703,0.058528,8.5,11.6476,0.020224,13.0,8.576961,8.628007,8.513,0.056125,4.342882,4.459938,4.393273,4.363106,4.480162,4.413497,-52.093109,-52.032558,-52.001282,-51.749612,-51.926501,-52.053949,-52.223621,-52.110472,-51.703801,-51.189703,-50.609302,-50.172673,-49.734732,-49.363116,-48.955564,-48.504989,-48.08391,-47.722401,-47.4522,-47.349681,-47.352287,-47.46374,-47.667636,-47.934269,-48.332022,-48.918855,-49.727217,-50.862737,-52.261528,-53.927474,-55.92164,-58.267156,-60.921673,-62.936916,-62.980668,-61.898819,-60.842952,-60.093462,-59.53178,-59.057532,-58.786737,-58.89762,-59.237867,-59.369855,-58.818705,-57.516767,-55.880715,-54.098747,-52.389517,-50.824067,-49.480708,-48.341037,-47.340074,-46.425193,-45.57012,-44.794476,-44.130377,-43.582311,-43.197774,-42.933834,-42.772831,-42.666341,-42.533224,-42.403764,-42.249463,-42.121544,-41.98408,-41.87268,-41.743183,-41.653168,-41.580913,-41.582721,-41.637697,-41.766973,-41.924886,-42.143249,-42.357084,-42.602377,-42.838333,-42.982343,-43.065774,-42.978107,-42.739476,-42.451895,-42.072061,-41.601407,-41.362525,-41.455737,-41.754005,-41.993178,,,,,,,,,,,,,,,,,,,,,,,,,,,,,,,,,,,,,,,,,,,,,,,,,,,,,,,,,,,,,,,,,,,,,,,,,,,,,,,,,,,,,,,,,,,,,,,,,,,,,,,,,,,,,,,,,,,,,,,,,,,,,,,,,,,,,,,,,,,,,,,,,,,,,,,,,,,,,,,,,,-56.921042,-56.822783,-56.90286,-56.975135,-56.827362,-56.573568,-55.987186,-54.77859,-53.447381,-52.081614,-50.733234,-49.81472,-49.055897,-48.513479,-48.202089,-48.033517,-48.270016,-48.937473,-49.986051,-51.431945,-53.010058,-54.523676,-55.484745,-55.470495,-54.648912,-53.63362,-52.818495,-52.252518,-51.912497,-51.458271,-50.910274,-50.210359,-49.633343,-49.555218,-49.84477,-50.478026,-51.060574,-51.299437,-51.160849,-50.907545,-50.727896,-51.104832,-51.915926,-53.029984,-54.211293,-54.93378,-55.267054,-55.377402,-55.677742,-56.276382,-56.675699,-56.427942,-55.833451,-55.371517,-55.426956,-55.943175,-56.209401,-56.192475,-56.084674,-56.133824,-56.716945,-57.876896,-59.625307,-61.938433,-64.051371,-65.303398,-65.429498,-65.489282,-67.304174,-70.487938,-69.018571,-66.435431,-66.004126,-67.068277,-67.916085,-67.908226,-66.897513,-64.304297,-61.825167,-60.416525,-59.999131,-60.066208,-59.631369,-58.329034,-57.395503,-57.422165,-59.437995,-64.767345,-68.408599,-64.628051,-63.434578,-64.156678,-64.627293,-62.048565,-58.922892,-56.874743,-55.661084,-55.487566,-55.803417,-55.787316,-54.989894,-52.995561,-50.78367,-48.946906,-47.965727,-49.021742,-50.889657,-53.64274,-55.264441,-54.74594,-53.697377,-52.243404,-51.310203,-51.410787,-52.251659,-54.331491,-55.932802,-54.763075,-52.60713,-51.582865,-52.265578,-53.768676,-54.963498,-53.270966,-50.492816,-48.813211,-48.510177,-51.153732,-62.518659,-53.228,-45.257445,-41.273338,-39.185465,-38.293226,-38.628849,-40.608475,-44.637134,-53.092841,-55.472641,-46.718309,-43.414651,-41.945678,-41.474291,-41.658341,-42.27707,-43.104263,-43.869171,-44.644231,-44.941495,-44.343518,-43.468161,-42.514705,-41.478592,-40.840005,-40.27938,-39.986455,-39.885312,-39.761504,-39.784612,-39.797808,-39.561985,-39.2532,-38.630123,-38.53269,-38.570247,-38.819382,-39.426498,-40.283536,-41.397625,-42.399971,-41.935261,-40.618979,-39.273546,-38.556792,-38.560968
SMB009,2022-07-28,2022-07-28T14:56:00Z,2022-07-28,smallmouthBass,316,250,237,234,168,19,N,1,1,63,30.0,1.0,0,2A,MD,Region_2,Region_2_1378,4.515252000000004, 19:03:14.7110,0.0234110000000011,1.32324,-0.6517000000000002,0.909303629427038,8.580205,-0.23584,-1.7267,-0.035302,-0.258533,0.00654,0.004375,8.576236,1378,1358,1398,31,-49.155153,8.582848,1.3703,0.058528,8.5,11.6476,0.020224,13.0,8.576961,8.628007,8.513,0.056125,4.342882,4.459938,4.393273,4.363106,4.480162,4.413497,-51.681725,-50.648998,-49.775235,-48.710426,-48.115292,-47.613237,-47.476416,-47.468,-47.496946,-47.608402,-47.736414,-48.076864,-48.529854,-49.203459,-49.980495,-50.813219,-51.719455,-52.693615,-53.755466,-54.986449,-56.378905,-58.017153,-59.979888,-62.296589,-64.917992,-67.330341,-68.513644,-68.324822,-67.570736,-66.817698,-65.857593,-64.039223,-61.337976,-58.32938,-55.563986,-53.319419,-51.521574,-50.102046,-48.918678,-47.84808,-46.902166,-46.179847,-45.703668,-45.498036,-45.491091,-45.561445,-45.790247,-46.135641,-46.73647,-47.614846,-48.739167,-49.887127,-50.792138,-51.307433,-51.380797,-51.023506,-50.320718,-49.400004,-48.446543,-47.531415,-46.721403,-46.057462,-45.529379,-45.177204,-44.931773,-44.791622,-44.683727,-44.629224,-44.56246,-44.503381,-44.378751,-44.19539,-43.913256,-43.571039,-43.160038,-42.742107,-42.287226,-41.856688,-41.468724,-41.12081,-40.927799,-40.856795,-40.962955,-41.368033,-42.047713,-43.031314,-44.537317,-46.465405,-48.406044,-49.913758,,,,,,,,,,,,,,,,,,,,,,,,,,,,,,,,,,,,,,,,,,,,,,,,,,,,,,,,,,,,,,,,,,,,,,,,,,,,,,,,,,,,,,,,,,,,,,,,,,,,,,,,,,,,,,,,,,,,,,,,,,,,,,,,,,,,,,,,,,,,,,,,,,,,,,,,,,,,,,,,,,-54.906626,-54.936916,-55.033763,-55.166049,-55.302368,-55.725069,-56.203342,-56.436655,-56.869435,-57.464941,-58.013748,-58.518164,-58.468757,-58.041178,-57.688239,-57.622839,-57.867501,-57.953218,-57.527862,-56.858759,-56.238959,-55.935993,-55.928159,-56.112024,-56.373653,-56.696763,-57.190856,-57.929888,-58.915384,-59.668125,-59.812414,-59.242141,-58.336417,-57.58897,-57.230915,-57.602867,-58.687583,-60.539194,-63.265556,-67.085451,-72.109936,-76.311367,-71.9846,-67.453462,-64.656977,-62.98825,-62.243484,-62.03504,-62.108114,-62.210924,-62.059735,-61.657061,-61.137486,-60.550391,-60.271646,-60.769596,-62.109558,-64.224617,-66.564705,-69.125426,-71.170164,-68.132698,-63.369124,-59.998528,-57.745771,-56.436437,-55.616176,-54.475166,-53.190545,-52.13784,-51.319862,-50.890149,-50.885101,-51.219869,-51.706871,-52.166722,-52.609384,-53.396282,-54.659116,-56.428155,-58.854268,-62.006393,-65.104863,-66.974302,-66.844917,-64.899517,-63.369654,-63.603213,-65.565949,-70.486356,-83.281112,-77.825308,-72.211258,-70.452718,-66.345768,-60.952045,-57.333838,-55.694028,-55.112826,-54.832984,-54.888612,-54.48634,-53.360808,-51.43981,-49.327581,-48.681246,-48.722984,-50.024703,-51.452352,-51.884148,-51.689404,-50.574461,-49.340171,-48.657303,-48.282089,-48.675084,-49.314681,-50.014155,-50.112951,-49.665797,-49.538276,-49.72463,-50.93014,-53.074996,-56.101456,-56.299786,-52.540898,-50.008535,-48.734091,-48.598703,-49.228825,-50.196565,-51.219864,-52.089376,-52.875816,-54.020101,-55.735659,-58.549692,-64.471875,-63.038873,-57.375299,-54.674995,-53.460293,-52.843793,-52.439522,-52.442831,-53.293194,-55.339777,-56.640686,-54.738726,-52.364473,-51.290256,-51.485722,-53.359957,-56.389733,-58.030038,-55.291997,-50.820841,-46.653281,-43.529979,-41.407425,-40.544972,-40.867916,-42.572918,-43.341112,-41.793544,-39.924692,-38.896137,-39.025164,-40.427321,-42.967186,-45.456986,-44.531729,-43.236281,-42.958425
SMB009,2022-07-28,2022-07-28T14:56:00Z,2022-07-28,smallmouthBass,316,250,237,234,168,19,N,1,1,63,30.0,1.0,0,2A,MD,Region_2,Region_2_1382,3.628923999999998, 19:03:16.0100,-0.0117060000000002,-0.24931,-0.14369,-2.329542141033179,8.603616,1.2381,0.51595,0.185886,0.077457,0.179413,0.08822,8.601259,1382,1358,1398,31,-49.155153,8.582848,1.3703,0.058528,8.5,11.6476,0.020224,13.0,8.576961,8.628007,8.513,0.056125,4.342882,4.459938,4.393273,4.363106,4.480162,4.413497,-53.456286,-53.019943,-52.723068,-52.109023,-51.708871,-51.100774,-50.583737,-49.993076,-49.310569,-48.61864,-47.885188,-47.335443,-46.90251,-46.7165,-46.67694,-46.738937,-46.936706,-47.292143,-47.855232,-48.743319,-49.948626,-51.538703,-53.58433,-56.207961,-59.823352,-65.513576,-78.683477,-70.290014,-64.320829,-61.456993,-60.004821,-59.547645,-60.078271,-61.460577,-62.899756,-62.527484,-60.30695,-57.986269,-56.050603,-54.358268,-52.792258,-51.392299,-50.192092,-49.250406,-48.513859,-47.838106,-47.259162,-46.661268,-46.09545,-45.539074,-45.035281,-44.601219,-44.242814,-43.955893,-43.724269,-43.550551,-43.44049,-43.374952,-43.387699,-43.446303,-43.572262,-43.776726,-44.026375,-44.347924,-44.666184,-44.978295,-45.204088,-45.338277,-45.284566,-45.042322,-44.556732,-43.904145,-43.132758,-42.351631,-41.586368,-40.917874,-40.317854,-39.858028,-39.544032,-39.341365,-39.308078,-39.328945,-39.392281,-39.566931,-39.795112,-40.071369,-40.692125,-41.723372,-43.003682,-44.224712,,,,,,,,,,,,,,,,,,,,,,,,,,,,,,,,,,,,,,,,,,,,,,,,,,,,,,,,,,,,,,,,,,,,,,,,,,,,,,,,,,,,,,,,,,,,,,,,,,,,,,,,,,,,,,,,,,,,,,,,,,,,,,,,,,,,,,,,,,,,,,,,,,,,,,,,,,,,,,,,,,-59.840399,-61.518396,-63.492128,-64.40185,-63.173964,-61.068914,-58.844604,-56.485854,-54.591945,-53.354044,-52.95288,-53.762868,-54.908827,-54.637797,-52.619597,-50.470694,-49.080726,-48.480694,-48.430038,-48.526682,-48.086154,-47.135002,-46.095224,-45.314772,-44.936026,-44.989974,-45.423996,-46.086218,-46.808402,-47.16189,-47.164162,-46.900823,-46.709751,-46.866165,-47.103926,-47.359287,-47.449338,-47.422537,-47.457887,-47.705118,-48.059418,-48.754083,-49.65057,-50.982836,-53.256912,-57.182815,-64.808581,-62.804924,-56.943469,-54.245261,-53.043323,-52.641737,-52.586015,-52.08087,-50.821732,-49.492817,-48.639858,-48.585283,-48.929431,-49.078095,-48.654844,-47.399858,-45.774395,-44.626331,-43.977051,-43.918744,-44.345225,-44.628677,-45.041737,-45.77241,-46.543766,-47.416994,-48.502435,-49.89141,-51.577398,-53.333644,-54.39605,-53.97073,-52.44925,-50.917819,-49.956444,-49.789064,-50.100855,-50.404685,-51.081679,-52.135266,-54.150198,-56.275743,-54.634382,-52.138462,-50.445911,-49.328838,-48.603963,-47.574884,-46.465537,-45.598122,-44.817681,-44.486123,-44.299708,-43.920532,-43.578528,-42.926923,-42.202854,-41.337905,-40.568168,-41.18681,-42.431468,-45.211982,-48.749638,-52.768879,-59.575272,-76.594314,-58.306052,-52.702612,-49.371246,-47.667271,-46.730016,-46.565403,-46.713669,-46.529377,-46.085001,-45.116465,-44.380379,-43.733001,-43.420444,-43.82076,-44.512265,-45.817638,-46.913734,-47.751105,-48.006017,-47.531464,-46.71775,-45.853186,-45.508371,-46.073838,-47.084633,-47.124176,-45.678628,-43.655313,-41.966403,-40.858052,-40.350061,-40.420319,-41.008784,-41.960633,-42.991565,-44.147258,-44.871306,-44.568204,-43.653945,-42.413081,-41.15508,-40.643155,-40.758268,-41.744183,-43.476404,-45.44176,-46.990948,-46.426992,-43.298001,-39.754299,-36.654972,-34.859769,-33.845558,-33.506628,-33.948134,-35.076225,-36.815459,-38.955709,-40.384526,-41.236606,-41.936089,-43.016622,-43.850968
SMB009,2022-07-28,2022-07-28T14:56:00Z,2022-07-28,smallmouthBass,316,250,237,234,168,19,N,1,1,63,30.0,1.0,0,2A,MD,Region_2,Region_2_1383,2.2803630000000013, 19:03:16.2110,0.0,0.3090100000000001,-0.66702,0.0,8.59191,0.98879,0.37226,0.148266,0.055814,7.5e-05,0.042807,8.59045,1383,1358,1398,31,-49.155153,8.582848,1.3703,0.058528,8.5,11.6476,0.020224,13.0,8.576961,8.628007,8.513,0.056125,4.342882,4.459938,4.393273,4.363106,4.480162,4.413497,-54.621322,-55.173878,-55.890912,-55.978293,-55.471798,-54.057155,-52.557644,-51.137096,-49.871047,-48.832227,-47.94767,-47.379422,-46.984913,-46.827784,-46.76433,-46.721089,-46.716995,-46.750445,-46.839284,-47.062048,-47.361501,-47.751386,-48.222973,-48.750094,-49.407632,-50.26493,-51.38218,-52.921805,-54.89995,-57.335489,-59.808627,-60.704998,-59.509521,-57.896992,-56.717591,-56.072258,-55.758422,-55.682066,-55.811271,-56.228338,-57.026125,-57.766873,-57.427621,-56.120625,-54.624755,-53.168808,-51.842058,-50.515815,-49.25249,-48.083733,-47.099176,-46.293004,-45.597571,-44.950906,-44.319687,-43.720455,-43.185279,-42.723416,-42.389753,-42.150525,-42.007829,-41.945775,-41.925297,-42.005654,-42.153008,-42.383547,-42.610439,-42.809417,-42.878512,-42.830756,-42.628788,-42.35004,-42.020799,-41.716033,-41.432364,-41.227572,-41.043127,-40.914999,-40.796353,-40.607794,-40.402938,-40.10716,-39.783273,-39.569228,-39.4512,-39.439259,-39.848218,-40.711295,-41.795638,-42.746024,,,,,,,,,,,,,,,,,,,,,,,,,,,,,,,,,,,,,,,,,,,,,,,,,,,,,,,,,,,,,,,,,,,,,,,,,,,,,,,,,,,,,,,,,,,,,,,,,,,,,,,,,,,,,,,,,,,,,,,,,,,,,,,,,,,,,,,,,,,,,,,,,,,,,,,,,,,,,,,,,,-58.48654,-58.471294,-58.063082,-57.145371,-56.124794,-55.659217,-55.671529,-55.732934,-56.121784,-56.646784,-56.934492,-57.018903,-56.575268,-55.564984,-54.066056,-52.587426,-51.713837,-51.211487,-50.560784,-49.615491,-48.443125,-47.444974,-46.815288,-46.641756,-46.859721,-47.307613,-47.779986,-48.14252,-48.493426,-48.729183,-49.166383,-49.95854,-51.262072,-52.791299,-53.655288,-53.827521,-53.480858,-53.110406,-53.358643,-54.64713,-56.651572,-58.789913,-60.782658,-62.687721,-61.000366,-58.517424,-58.743058,-61.722873,-62.852676,-60.295032,-59.639249,-60.903184,-61.624924,-59.669129,-57.484131,-55.301992,-53.128814,-52.408278,-53.478471,-56.234244,-60.430788,-62.02073,-58.938141,-55.561808,-52.599547,-50.558646,-49.547569,-48.791507,-48.346026,-48.20704,-47.840822,-47.116613,-46.239753,-45.613551,-45.518971,-46.02531,-47.022748,-48.412276,-49.550028,-50.048289,-50.189499,-50.439572,-50.776863,-50.927079,-51.485926,-52.239534,-52.9179,-53.069316,-52.464002,-52.21908,-52.285583,-52.692829,-53.411894,-53.463283,-53.041731,-52.848398,-51.999765,-50.168308,-48.105002,-46.127055,-44.422007,-42.652792,-41.23197,-40.106335,-39.070243,-38.474771,-37.301745,-37.084761,-37.271753,-37.235984,-37.789033,-38.096037,-38.401042,-38.473763,-37.710567,-37.191639,-36.915951,-37.377126,-38.485805,-39.763773,-40.776527,-40.447627,-39.618263,-38.589878,-37.875345,-37.964417,-38.659196,-40.830657,-44.646808,-50.215211,-46.267124,-41.272874,-38.530805,-37.071827,-36.77614,-37.800227,-39.952162,-43.163817,-48.34012,-52.323052,-48.457222,-45.105926,-42.69295,-40.759743,-39.436275,-38.988687,-39.58402,-41.511149,-43.545744,-43.411062,-41.954668,-40.739431,-40.113684,-40.302438,-40.583714,-41.113873,-41.942426,-42.269279,-40.881839,-38.162687,-35.725646,-34.561663,-34.497149,-36.247438,-38.950649,-40.498697,-38.836045,-36.490248,-35.007845,-34.752984,-35.57455,-38.332655,-44.083439,-48.698218,-40.369876
SMB009,2022-07-28,2022-07-28T14:56:00Z,2022-07-28,smallmouthBass,316,250,237,234,168,19,N,1,1,63,30.0,1.0,0,2A,MD,Region_2,Region_2_1384,3.711668000000003, 19:03:16.4270,,,,,8.59191,1.2978,-0.29476,0.19459,-0.044189,0.010657,0.014475,8.589593,1384,1358,1398,31,-49.155153,8.582848,1.3703,0.058528,8.5,11.6476,0.020224,13.0,8.576961,8.628007,8.513,0.056125,4.342882,4.459938,4.393273,4.363106,4.480162,4.413497,-58.265159,-56.387018,-54.500186,-52.80332,-52.009449,-51.583627,-51.608835,-51.759226,-51.95621,-52.286025,-52.727685,-53.467341,-54.311281,-55.190942,-55.811001,-56.006847,-55.791061,-55.253842,-54.565094,-53.95227,-53.461534,-53.148211,-53.003798,-52.977022,-53.099827,-53.374554,-53.731202,-54.094059,-54.198277,-54.00956,-53.658151,-53.127679,-52.422573,-51.506149,-50.458062,-49.475783,-48.591505,-47.862271,-47.25987,-46.742581,-46.351672,-46.163804,-46.149691,-46.315709,-46.612842,-46.941841,-47.401763,-47.940056,-48.646505,-49.472153,-50.34311,-51.119557,-51.713017,-52.114162,-52.321792,-52.331262,-52.134566,-51.698678,-51.029061,-50.081904,-48.947966,-47.77022,-46.625621,-45.593451,-44.611613,-43.680547,-42.739945,-41.832946,-40.936228,-40.127815,-39.404243,-38.835669,-38.408318,-38.147161,-38.003919,-38.009281,-38.103171,-38.332561,-38.674138,-39.057397,-39.504911,-39.882076,-40.185432,-40.516299,-40.859425,-41.244049,-41.984571,-43.145469,-44.552122,-45.874405,,,,,,,,,,,,,,,,,,,,,,,,,,,,,,,,,,,,,,,,,,,,,,,,,,,,,,,,,,,,,,,,,,,,,,,,,,,,,,,,,,,,,,,,,,,,,,,,,,,,,,,,,,,,,,,,,,,,,,,,,,,,,,,,,,,,,,,,,,,,,,,,,,,,,,,,,,,,,,,,,,-55.294168,-55.484591,-56.021788,-56.855887,-57.998897,-59.962949,-63.118375,-68.899913,-92.957411,-68.964893,-64.96296,-64.830871,-67.205669,-72.112341,-72.397281,-65.50648,-61.225404,-58.865644,-57.487204,-56.398459,-55.065063,-53.595188,-52.201644,-51.115989,-50.527814,-50.551952,-51.209464,-52.437921,-54.205286,-56.224559,-58.299706,-59.430963,-59.421964,-59.84911,-61.418078,-64.110631,-66.654876,-66.728882,-64.777754,-63.275977,-63.206663,-65.440719,-71.055371,-81.803367,-75.264386,-73.99425,-74.50529,-73.255167,-73.839234,-80.075868,-81.015206,-71.278611,-67.22621,-65.44181,-65.673257,-68.576777,-75.680918,-78.616835,-68.686367,-62.589234,-58.352233,-55.30683,-53.22349,-52.20792,-51.703361,-51.369604,-50.909957,-49.851761,-48.804268,-48.226186,-47.953851,-47.983037,-48.190673,-48.354589,-48.282095,-47.994694,-47.740092,-47.990153,-48.731642,-49.868169,-51.422988,-53.451236,-55.677085,-57.900231,-61.008986,-64.971374,-64.902891,-61.338771,-59.140657,-58.457898,-58.143273,-57.577606,-56.824905,-55.683331,-54.780925,-54.572008,-54.780135,-55.47346,-55.964263,-55.569092,-54.419044,-52.415006,-50.247451,-48.234353,-46.701632,-46.691321,-46.995691,-48.032836,-48.63762,-48.210876,-47.809446,-46.987152,-46.377557,-46.329204,-46.398375,-47.01573,-47.474462,-47.845508,-48.076913,-48.275444,-48.933401,-49.495932,-50.076466,-49.817505,-48.637145,-47.291654,-45.98265,-45.585068,-45.792793,-46.94754,-48.930274,-51.664841,-54.665621,-54.513825,-51.620862,-49.459826,-48.369219,-47.727045,-47.498759,-47.608335,-48.32254,-49.985314,-52.722445,-55.04178,-53.937753,-52.193242,-51.961602,-53.958079,-58.21723,-65.020541,-66.548165,-61.473747,-56.981082,-53.121956,-50.135104,-48.135032,-46.534525,-44.61639,-42.577276,-40.707948,-39.260745,-38.795479,-39.155899,-40.987451,-43.55884,-45.57126,-45.501034,-44.449618,-44.044828,-45.207255,-48.471753,-54.919601,-51.776147,-46.784332,-44.179496
SMB009,2022-07-28,2022-07-28T14:56:00Z,2022-07-28,smallmouthBass,316,250,237,234,168,19,N,1,1,63,30.0,1.0,0,2A,MD,Region_2,Region_2_1396,5.442315000000001, 19:03:18.8210,0.0,-0.2994999999999999,0.26987,0.0,8.59191,1.4197,0.93933,0.212844,0.14081,0.025466,0.035288,8.588119,1396,1358,1398,31,-49.155153,8.582848,1.3703,0.058528,8.5,11.6476,0.020224,13.0,8.576961,8.628007,8.513,0.056125,4.342882,4.459938,4.393273,4.363106,4.480162,4.413497,-52.2014,-51.302558,-50.511585,-49.521742,-48.943484,-48.331738,-47.946788,-47.583416,-47.195907,-46.866487,-46.562171,-46.500409,-46.595695,-46.957024,-47.471055,-48.102762,-48.897716,-49.896767,-51.159502,-52.776216,-54.627645,-56.427434,-57.535232,-57.455017,-56.60158,-55.605792,-54.734668,-54.085351,-53.531746,-53.071482,-52.752444,-52.490505,-52.222781,-51.779839,-51.117249,-50.408034,-49.729352,-49.187398,-48.765316,-48.394786,-48.061436,-47.793056,-47.562924,-47.412299,-47.317447,-47.181492,-47.07266,-46.894311,-46.70831,-46.498914,-46.327593,-46.233463,-46.232445,-46.31609,-46.453707,-46.622947,-46.79835,-46.919899,-46.972724,-46.884665,-46.650626,-46.288667,-45.805409,-45.284384,-44.718105,-44.169969,-43.618419,-43.120085,-42.640698,-42.236937,-41.885941,-41.646958,-41.509978,-41.517196,-41.639564,-41.921298,-42.317693,-42.876695,-43.581768,-44.363553,-45.224325,-45.971223,-46.477226,-46.717905,-46.629664,-46.300239,-46.132252,-46.355927,-46.982346,-47.789589,,,,,,,,,,,,,,,,,,,,,,,,,,,,,,,,,,,,,,,,,,,,,,,,,,,,,,,,,,,,,,,,,,,,,,,,,,,,,,,,,,,,,,,,,,,,,,,,,,,,,,,,,,,,,,,,,,,,,,,,,,,,,,,,,,,,,,,,,,,,,,,,,,,,,,,,,,,,,,,,,,-59.298625,-57.715178,-56.486413,-56.121443,-57.009779,-59.977657,-65.947342,-78.531437,-65.99215,-59.807973,-55.729194,-53.163077,-51.725999,-51.349043,-51.594304,-51.679067,-51.155461,-50.068765,-48.929539,-48.292159,-48.264491,-48.843556,-49.795818,-50.894941,-52.20669,-54.116313,-57.213293,-62.004464,-64.336718,-60.499514,-57.372588,-54.853065,-52.850019,-51.787933,-51.480269,-51.661516,-51.823795,-51.673268,-51.181545,-50.563377,-50.008792,-49.923933,-50.047301,-50.155558,-49.997134,-49.341285,-48.476449,-47.657551,-47.212,-47.329426,-47.878971,-48.714273,-49.763246,-50.833715,-52.169109,-54.284394,-56.879522,-56.780345,-53.879879,-51.343185,-49.597379,-48.214538,-47.047553,-46.375147,-46.087021,-46.527164,-47.753037,-49.270293,-51.234007,-53.480427,-55.414706,-57.157537,-58.415703,-56.521351,-52.604343,-49.486086,-47.556737,-46.77823,-46.706749,-46.873381,-47.043893,-47.180823,-46.920363,-46.026669,-45.066117,-44.033065,-43.336517,-43.313129,-43.442866,-44.000778,-44.572757,-45.044278,-45.695346,-46.101195,-46.307221,-46.305534,-45.814182,-45.367613,-44.784581,-43.807687,-42.881958,-41.801714,-40.941461,-40.354697,-39.991463,-40.698703,-41.406583,-42.791534,-43.986625,-44.330394,-44.556509,-44.144078,-43.536477,-43.092424,-42.528871,-42.570581,-43.103493,-44.7477,-47.899623,-53.055592,-58.411291,-55.818347,-53.392345,-52.62372,-53.088608,-51.800005,-46.88986,-43.118975,-40.966002,-40.625171,-42.143998,-45.796851,-46.365912,-40.811676,-37.024245,-35.056717,-34.309805,-34.264814,-35.20005,-37.111336,-40.091464,-44.153095,-45.939244,-42.184792,-38.709954,-36.543263,-35.479872,-35.720943,-36.841842,-38.277105,-39.769034,-39.868643,-38.154697,-36.611451,-35.779967,-35.854996,-36.753591,-38.275037,-40.468742,-42.760707,-42.969053,-41.019612,-38.817356,-37.736061,-37.624661,-38.836046,-42.055069,-49.701157,-53.187298,-44.241933,-41.376516,-41.612039,-44.669065,-54.711556,-51.442411
SMB009,2022-07-28,2022-07-28T14:56:00Z,2022-07-28,smallmouthBass,316,250,237,234,168,19,N,1,1,63,30.0,1.0,0,2A,MD,Region_2,Region_2_1397,4.670166999999999, 19:03:19.0220,0.0117060000000002,0.2773999999999998,0.6543999999999999,0.9435490154257644,8.59191,1.1202,1.2092,0.16793,0.181274,0.001046,0.048705,8.588356,1397,1358,1398,31,-49.155153,8.582848,1.3703,0.058528,8.5,11.6476,0.020224,13.0,8.576961,8.628007,8.513,0.056125,4.342882,4.459938,4.393273,4.363106,4.480162,4.413497,-55.226843,-55.106421,-55.498226,-55.843205,-56.226678,-55.62331,-54.330317,-52.697702,-51.066242,-49.625894,-48.322026,-47.320591,-46.495459,-45.936594,-45.51946,-45.191518,-44.971653,-44.859528,-44.869469,-45.05858,-45.347294,-45.706413,-46.083056,-46.410902,-46.715869,-47.007295,-47.254931,-47.503022,-47.663784,-47.765423,-47.874815,-47.971031,-48.126318,-48.308858,-48.481086,-48.686554,-48.860037,-49.044099,-49.244741,-49.46552,-49.741966,-50.051393,-50.246071,-50.299267,-50.215236,-49.960858,-49.646489,-49.173257,-48.561227,-47.764678,-46.89198,-46.069207,-45.356398,-44.748106,-44.215674,-43.76208,-43.412722,-43.174595,-43.097686,-43.139283,-43.266007,-43.42084,-43.539367,-43.679026,-43.820486,-43.98232,-44.067643,-44.066834,-43.924117,-43.719569,-43.467867,-43.250402,-43.054195,-42.900471,-42.740899,-42.608399,-42.455458,-42.335325,-42.243124,-42.134347,-42.066235,-41.948575,-41.800911,-41.716345,-41.623095,-41.451482,-41.366078,-41.425715,-41.678226,-42.101245,,,,,,,,,,,,,,,,,,,,,,,,,,,,,,,,,,,,,,,,,,,,,,,,,,,,,,,,,,,,,,,,,,,,,,,,,,,,,,,,,,,,,,,,,,,,,,,,,,,,,,,,,,,,,,,,,,,,,,,,,,,,,,,,,,,,,,,,,,,,,,,,,,,,,,,,,,,,,,,,,,-50.925677,-50.305879,-49.805278,-49.54238,-49.62212,-50.40506,-51.578676,-52.760967,-54.523876,-57.412607,-62.385317,-63.365679,-57.805622,-54.70596,-53.297287,-52.596085,-52.118313,-51.663624,-51.430396,-51.795053,-52.786543,-54.261512,-55.473689,-55.522563,-54.52749,-53.194169,-51.912819,-50.81119,-50.011063,-49.427309,-49.190795,-49.204161,-49.399024,-49.781804,-50.282995,-51.255746,-52.758293,-54.532999,-55.475418,-54.714072,-53.235035,-52.153703,-51.317288,-50.675372,-50.35435,-50.366387,-50.957893,-52.025932,-53.464568,-55.105189,-56.57794,-57.387894,-56.600161,-54.058573,-51.430671,-49.809168,-49.02427,-48.620954,-48.046326,-47.375954,-47.000235,-46.836572,-46.773577,-46.785808,-46.470873,-46.189378,-46.209928,-46.20006,-46.459142,-47.065095,-47.623689,-48.107774,-48.579882,-48.949464,-48.922555,-48.453658,-47.873443,-47.557037,-47.321489,-46.992716,-46.746583,-46.900426,-47.261231,-47.548741,-48.150312,-48.725261,-49.274721,-49.76029,-49.399564,-48.593271,-47.418752,-46.175713,-45.291116,-44.425485,-43.867955,-43.734059,-43.631731,-44.10961,-45.086247,-46.401132,-48.610844,-51.722235,-55.958899,-57.043923,-52.562063,-48.559283,-45.437547,-44.072263,-43.442192,-42.727611,-42.53219,-42.099315,-41.563867,-41.076578,-40.350263,-40.164487,-40.339394,-41.255783,-42.777235,-44.308318,-45.117758,-44.532777,-43.755873,-42.990619,-42.526544,-42.703691,-42.972732,-43.59912,-43.784477,-43.057372,-41.036739,-38.575915,-36.708879,-35.725315,-35.844357,-37.472924,-40.958487,-46.742469,-45.846009,-40.385385,-37.511957,-36.260629,-36.116696,-36.828454,-38.207827,-40.037424,-42.052775,-43.989318,-43.998761,-41.589445,-39.034249,-37.323398,-36.443927,-36.822882,-38.17524,-40.026008,-40.405999,-38.652172,-36.823727,-35.786162,-35.481283,-36.147581,-37.50373,-39.906567,-42.37694,-42.939268,-40.706498,-38.304996,-36.9367,-36.927354,-38.311131,-41.837348,-44.438112,-41.239047,-38.651919
